frame_number,timestamp,packet_length,src_ip,dst_ip,protocol,ttl,ip_len,src_port,dst_port,tcp_seq,tcp_ack,tcp_flags,tcp_window,tcp_dataofs,tcp_options_raw,tcp_mss,tcp_window_scale,tcp_sack_permitted,tcp_timestamps
1,1160011513.85759,87,192.168.1.1,192.168.1.254,17,128,73,1025,53,,,,,,,,,,
2,1160011514.625348,255,192.168.1.254,192.168.1.1,17,64,241,53,1025,,,,,,,,,,
3,1160011514.630658,62,192.168.1.1,207.46.18.94,6,128,48,1099,80,50725855.0,0.0,S,65535.0,7.0,"[('MSS', 1460), ('NOP', None), ('NOP', None), ('SAckOK', b'')]",1460.0,,True,
4,1160011514.630746,62,207.46.18.94,192.168.1.1,6,64,48,80,1099,3400186441.0,50725856.0,SA,5840.0,7.0,"[('MSS', 1460), ('NOP', None), ('NOP', None), ('SAckOK', b'')]",1460.0,,True,
5,1160011514.630897,60,192.168.1.1,207.46.18.94,6,128,40,1099,80,50725856.0,3400186442.0,A,65535.0,5.0,[],,,False,
6,1160011514.632197,125,192.168.1.1,207.46.18.94,6,128,111,1099,80,50725856.0,3400186442.0,PA,65535.0,5.0,[],,,False,
7,1160011514.632245,54,207.46.18.94,192.168.1.1,6,64,40,80,1099,3400186442.0,50725927.0,A,5840.0,5.0,[],,,False,
8,1160011514.661583,1514,207.46.18.94,192.168.1.1,6,64,1500,80,1099,3400186442.0,50725927.0,A,5840.0,5.0,[],,,False,
9,1160011514.661667,1514,207.46.18.94,192.168.1.1,6,64,1500,80,1099,3400187902.0,50725927.0,A,5840.0,5.0,[],,,False,
10,1160011514.661848,1318,207.46.18.94,192.168.1.1,6,64,1304,80,1099,3400189362.0,50725927.0,FPA,5840.0,5.0,[],,,False,
11,1160011514.66209,60,192.168.1.1,207.46.18.94,6,128,40,1099,80,50725927.0,3400189362.0,A,65535.0,5.0,[],,,False,
12,1160011514.662404,60,192.168.1.1,207.46.18.94,6,128,40,1099,80,50725927.0,3400190627.0,A,64271.0,5.0,[],,,False,
13,1160011514.662426,60,192.168.1.1,207.46.18.94,6,128,40,1099,80,50725927.0,3400190627.0,RA,0.0,5.0,[],,,False,
14,1160011515.003214,81,192.168.1.1,192.168.1.254,17,128,67,1025,53,,,,,,,,,,
15,1160011515.397543,177,192.168.1.254,192.168.1.1,17,64,163,53,1025,,,,,,,,,,
16,1160011515.563052,62,192.168.1.1,84.244.1.30,6,128,48,1101,5050,3112056251.0,0.0,S,65535.0,7.0,"[('MSS', 1460), ('NOP', None), ('NOP', None), ('SAckOK', b'')]",1460.0,,True,
17,1160011515.563167,62,84.244.1.30,192.168.1.1,6,64,48,5050,1101,3395159729.0,3112056252.0,SA,5840.0,7.0,"[('MSS', 1460), ('NOP', None), ('NOP', None), ('SAckOK', b'')]",1460.0,,True,
18,1160011515.563587,60,192.168.1.1,84.244.1.30,6,128,40,1101,5050,3112056252.0,3395159730.0,A,65535.0,5.0,[],,,False,
19,1160011515.563636,76,192.168.1.1,84.244.1.30,6,128,62,1101,5050,3112056252.0,3395159730.0,PA,65535.0,5.0,[],,,False,
20,1160011515.563669,54,84.244.1.30,192.168.1.1,6,64,40,5050,1101,3395159730.0,3112056274.0,A,5840.0,5.0,[],,,False,
21,1160011515.56487,81,192.168.1.1,84.244.1.30,6,128,67,1101,5050,3112056274.0,3395159730.0,PA,65535.0,5.0,[],,,False,
22,1160011515.564941,54,84.244.1.30,192.168.1.1,6,64,40,5050,1101,3395159730.0,3112056301.0,A,5840.0,5.0,[],,,False,
23,1160011515.566851,1338,84.244.1.30,192.168.1.1,6,64,1324,5050,1101,3395159730.0,3112056301.0,PA,5840.0,5.0,[],,,False,
24,1160011515.58256,76,192.168.1.1,192.168.1.254,17,128,62,1025,53,,,,,,,,,,
25,1160011515.613973,79,192.168.1.1,84.244.1.30,6,128,65,1101,5050,3112056301.0,3395161014.0,PA,64251.0,5.0,[],,,False,
26,1160011515.654319,54,84.244.1.30,192.168.1.1,6,64,40,5050,1101,3395161014.0,3112056326.0,A,5840.0,5.0,[],,,False,
27,1160011515.655596,70,192.168.1.1,84.244.1.30,6,128,56,1101,5050,3112056326.0,3395161014.0,PA,64251.0,5.0,[],,,False,
28,1160011515.655642,54,84.244.1.30,192.168.1.1,6,64,40,5050,1101,3395161014.0,3112056342.0,A,5840.0,5.0,[],,,False,
29,1160011515.656786,362,84.244.1.30,192.168.1.1,6,64,348,5050,1101,3395161014.0,3112056342.0,PA,5840.0,5.0,[],,,False,
30,1160011515.661979,79,192.168.1.1,84.244.1.30,6,128,65,1101,5050,3112056342.0,3395161322.0,PA,65535.0,5.0,[],,,False,
31,1160011515.662058,123,84.244.1.30,192.168.1.1,6,64,109,5050,1101,3395161322.0,3112056367.0,PA,5840.0,5.0,[],,,False,
32,1160011515.66328,70,192.168.1.1,84.244.1.30,6,128,56,1101,5050,3112056367.0,3395161391.0,PA,65466.0,5.0,[],,,False,
33,1160011515.703299,54,84.244.1.30,192.168.1.1,6,64,40,5050,1101,3395161391.0,3112056383.0,A,5840.0,5.0,[],,,False,
34,1160011515.712115,79,192.168.1.1,84.244.1.30,6,128,65,1101,5050,3112056383.0,3395161391.0,PA,65466.0,5.0,[],,,False,
35,1160011515.71298,54,84.244.1.30,192.168.1.1,6,64,40,5050,1101,3395161391.0,3112056408.0,A,5840.0,5.0,[],,,False,
36,1160011515.714171,70,192.168.1.1,84.244.1.30,6,128,56,1101,5050,3112056408.0,3395161391.0,PA,65466.0,5.0,[],,,False,
37,1160011515.714953,54,84.244.1.30,192.168.1.1,6,64,40,5050,1101,3395161391.0,3112056424.0,A,5840.0,5.0,[],,,False,
38,1160011516.130081,139,192.168.1.254,192.168.1.1,17,64,125,53,1025,,,,,,,,,,
39,1160011516.13111,62,192.168.1.1,61.121.100.107,6,128,48,1102,80,2281390885.0,0.0,S,65535.0,7.0,"[('MSS', 1460), ('NOP', None), ('NOP', None), ('SAckOK', b'')]",1460.0,,True,
40,1160011516.131218,62,61.121.100.107,192.168.1.1,6,64,48,80,1102,3406673266.0,2281390886.0,SA,5840.0,7.0,"[('MSS', 1460), ('NOP', None), ('NOP', None), ('SAckOK', b'')]",1460.0,,True,
41,1160011516.131533,60,192.168.1.1,61.121.100.107,6,128,40,1102,80,2281390886.0,3406673267.0,A,65535.0,5.0,[],,,False,
42,1160011516.131582,131,192.168.1.1,61.121.100.107,6,128,117,1102,80,2281390886.0,3406673267.0,PA,65535.0,5.0,[],,,False,
43,1160011516.131625,54,61.121.100.107,192.168.1.1,6,64,40,80,1102,3406673267.0,2281390963.0,A,5840.0,5.0,[],,,False,
44,1160011516.132823,62,192.168.1.1,61.121.100.107,6,128,48,1103,80,2093769528.0,0.0,S,65535.0,7.0,"[('MSS', 1460), ('NOP', None), ('NOP', None), ('SAckOK', b'')]",1460.0,,True,
45,1160011516.132866,62,61.121.100.107,192.168.1.1,6,64,48,80,1103,3400867192.0,2093769529.0,SA,5840.0,7.0,"[('MSS', 1460), ('NOP', None), ('NOP', None), ('SAckOK', b'')]",1460.0,,True,
46,1160011516.133229,60,192.168.1.1,61.121.100.107,6,128,40,1103,80,2093769529.0,3400867193.0,A,65535.0,5.0,[],,,False,
47,1160011516.133267,131,192.168.1.1,61.121.100.107,6,128,117,1103,80,2093769529.0,3400867193.0,PA,65535.0,5.0,[],,,False,
48,1160011516.133294,54,61.121.100.107,192.168.1.1,6,64,40,80,1103,3400867193.0,2093769606.0,A,5840.0,5.0,[],,,False,
49,1160011516.13528,1453,61.121.100.107,192.168.1.1,6,64,1439,80,1102,3406673267.0,2281390963.0,PA,5840.0,5.0,[],,,False,
50,1160011516.135569,54,61.121.100.107,192.168.1.1,6,64,40,80,1102,3406674666.0,2281390963.0,FA,5840.0,5.0,[],,,False,
51,1160011516.13683,60,192.168.1.1,61.121.100.107,6,128,40,1102,80,2281390963.0,3406674667.0,A,64136.0,5.0,[],,,False,
52,1160011516.136936,60,192.168.1.1,61.121.100.107,6,128,40,1102,80,2281390963.0,3406674667.0,FA,64136.0,5.0,[],,,False,
53,1160011516.136982,54,61.121.100.107,192.168.1.1,6,64,40,80,1102,3406674667.0,2281390964.0,A,5840.0,5.0,[],,,False,
54,1160011516.13725,1453,61.121.100.107,192.168.1.1,6,64,1439,80,1103,3400867193.0,2093769606.0,PA,5840.0,5.0,[],,,False,
55,1160011516.137456,54,61.121.100.107,192.168.1.1,6,64,40,80,1103,3400868592.0,2093769606.0,FA,5840.0,5.0,[],,,False,
56,1160011516.137662,62,192.168.1.1,61.121.100.107,6,128,48,1104,80,1560608987.0,0.0,S,65535.0,7.0,"[('MSS', 1460), ('NOP', None), ('NOP', None), ('SAckOK', b'')]",1460.0,,True,
57,1160011516.137737,62,61.121.100.107,192.168.1.1,6,64,48,80,1104,3395364274.0,1560608988.0,SA,5840.0,7.0,"[('MSS', 1460), ('NOP', None), ('NOP', None), ('SAckOK', b'')]",1460.0,,True,
58,1160011516.137757,60,192.168.1.1,61.121.100.107,6,128,40,1103,80,2093769606.0,3400868593.0,A,64136.0,5.0,[],,,False,
59,1160011516.138326,60,192.168.1.1,61.121.100.107,6,128,40,1104,80,1560608988.0,3395364275.0,A,65535.0,5.0,[],,,False,
60,1160011516.138373,60,192.168.1.1,61.121.100.107,6,128,40,1103,80,2093769606.0,3400868593.0,FA,64136.0,5.0,[],,,False,
61,1160011516.138404,54,61.121.100.107,192.168.1.1,6,64,40,80,1103,3400868593.0,2093769607.0,A,5840.0,5.0,[],,,False,
62,1160011516.138428,131,192.168.1.1,61.121.100.107,6,128,117,1104,80,1560608988.0,3395364275.0,PA,65535.0,5.0,[],,,False,
63,1160011516.138458,54,61.121.100.107,192.168.1.1,6,64,40,80,1104,3395364275.0,1560609065.0,A,5840.0,5.0,[],,,False,
64,1160011516.140423,73,192.168.1.1,192.168.1.254,17,128,59,1025,53,,,,,,,,,,
65,1160011516.1418,1453,61.121.100.107,192.168.1.1,6,64,1439,80,1104,3395364275.0,1560609065.0,PA,5840.0,5.0,[],,,False,
66,1160011516.142047,54,61.121.100.107,192.168.1.1,6,64,40,80,1104,3395365674.0,1560609065.0,FA,5840.0,5.0,[],,,False,
67,1160011516.143321,60,192.168.1.1,61.121.100.107,6,128,40,1104,80,1560609065.0,3395365675.0,A,64136.0,5.0,[],,,False,
68,1160011516.143395,60,192.168.1.1,61.121.100.107,6,128,40,1104,80,1560609065.0,3395365675.0,FA,64136.0,5.0,[],,,False,
69,1160011516.143433,54,61.121.100.107,192.168.1.1,6,64,40,80,1104,3395365675.0,1560609066.0,A,5840.0,5.0,[],,,False,
70,1160011516.714609,95,192.168.1.1,84.244.1.30,6,128,81,1101,5050,3112056424.0,3395161391.0,PA,65466.0,5.0,[],,,False,
71,1160011516.714709,54,84.244.1.30,192.168.1.1,6,64,40,5050,1101,3395161391.0,3112056465.0,A,5840.0,5.0,[],,,False,
72,1160011517.004796,180,192.168.1.254,192.168.1.1,17,64,166,53,1025,,,,,,,,,,
73,1160011517.005836,62,192.168.1.1,203.140.25.50,6,128,48,1105,80,1263924015.0,0.0,S,65535.0,7.0,"[('MSS', 1460), ('NOP', None), ('NOP', None), ('SAckOK', b'')]",1460.0,,True,
74,1160011517.005934,62,203.140.25.50,192.168.1.1,6,64,48,80,1105,3396274884.0,1263924016.0,SA,5840.0,7.0,"[('MSS', 1460), ('NOP', None), ('NOP', None), ('SAckOK', b'')]",1460.0,,True,
75,1160011517.006242,60,192.168.1.1,203.140.25.50,6,128,40,1105,80,1263924016.0,3396274885.0,A,65535.0,5.0,[],,,False,
76,1160011517.006291,62,192.168.1.1,203.140.25.50,6,128,48,1106,80,795913322.0,0.0,S,65535.0,7.0,"[('MSS', 1460), ('NOP', None), ('NOP', None), ('SAckOK', b'')]",1460.0,,True,
77,1160011517.006326,62,203.140.25.50,192.168.1.1,6,64,48,80,1106,3411691835.0,795913323.0,SA,5840.0,7.0,"[('MSS', 1460), ('NOP', None), ('NOP', None), ('SAckOK', b'')]",1460.0,,True,
78,1160011517.006679,60,192.168.1.1,203.140.25.50,6,128,40,1106,80,795913323.0,3411691836.0,A,65535.0,5.0,[],,,False,
79,1160011517.006727,139,192.168.1.1,203.140.25.50,6,128,125,1106,80,795913323.0,3411691836.0,PA,65535.0,5.0,[],,,False,
80,1160011517.006772,54,203.140.25.50,192.168.1.1,6,64,40,80,1106,3411691836.0,795913408.0,A,5840.0,5.0,[],,,False,
81,1160011517.006783,139,192.168.1.1,203.140.25.50,6,128,125,1105,80,1263924016.0,3396274885.0,PA,65535.0,5.0,[],,,False,
82,1160011517.006811,54,203.140.25.50,192.168.1.1,6,64,40,80,1105,3396274885.0,1263924101.0,A,5840.0,5.0,[],,,False,
83,1160011517.010694,1453,203.140.25.50,192.168.1.1,6,64,1439,80,1105,3396274885.0,1263924101.0,PA,5840.0,5.0,[],,,False,
84,1160011517.010727,1453,203.140.25.50,192.168.1.1,6,64,1439,80,1106,3411691836.0,795913408.0,PA,5840.0,5.0,[],,,False,
85,1160011517.010925,54,203.140.25.50,192.168.1.1,6,64,40,80,1106,3411693235.0,795913408.0,FA,5840.0,5.0,[],,,False,
86,1160011517.01107,54,203.140.25.50,192.168.1.1,6,64,40,80,1105,3396276284.0,1263924101.0,FA,5840.0,5.0,[],,,False,
87,1160011517.011836,60,192.168.1.1,203.140.25.50,6,128,40,1106,80,795913408.0,3411693236.0,A,64136.0,5.0,[],,,False,
88,1160011517.011894,60,192.168.1.1,203.140.25.50,6,128,40,1105,80,1263924101.0,3396276285.0,A,64136.0,5.0,[],,,False,
89,1160011517.011914,60,192.168.1.1,203.140.25.50,6,128,40,1105,80,1263924101.0,3396276285.0,FA,64136.0,5.0,[],,,False,
90,1160011517.011938,54,203.140.25.50,192.168.1.1,6,64,40,80,1105,3396276285.0,1263924102.0,A,5840.0,5.0,[],,,False,
91,1160011517.011959,60,192.168.1.1,203.140.25.50,6,128,40,1106,80,795913408.0,3411693236.0,FA,64136.0,5.0,[],,,False,
92,1160011517.011981,54,203.140.25.50,192.168.1.1,6,64,40,80,1106,3411693236.0,795913409.0,A,5840.0,5.0,[],,,False,
93,1160011517.015466,62,192.168.1.1,203.140.25.50,6,128,48,1107,80,2230791539.0,0.0,S,65535.0,7.0,"[('MSS', 1460), ('NOP', None), ('NOP', None), ('SAckOK', b'')]",1460.0,,True,
94,1160011517.015544,62,203.140.25.50,192.168.1.1,6,64,48,80,1107,3410965717.0,2230791540.0,SA,5840.0,7.0,"[('MSS', 1460), ('NOP', None), ('NOP', None), ('SAckOK', b'')]",1460.0,,True,
95,1160011517.015558,75,192.168.1.1,192.168.1.254,17,128,61,1025,53,,,,,,,,,,
96,1160011517.016787,60,192.168.1.1,203.140.25.50,6,128,40,1107,80,2230791540.0,3410965718.0,A,65535.0,5.0,[],,,False,
97,1160011517.016888,139,192.168.1.1,203.140.25.50,6,128,125,1107,80,2230791540.0,3410965718.0,PA,65535.0,5.0,[],,,False,
98,1160011517.016936,54,203.140.25.50,192.168.1.1,6,64,40,80,1107,3410965718.0,2230791625.0,A,5840.0,5.0,[],,,False,
99,1160011517.020306,1453,203.140.25.50,192.168.1.1,6,64,1439,80,1107,3410965718.0,2230791625.0,PA,5840.0,5.0,[],,,False,
100,1160011517.020506,54,203.140.25.50,192.168.1.1,6,64,40,80,1107,3410967117.0,2230791625.0,FA,5840.0,5.0,[],,,False,
101,1160011517.021781,60,192.168.1.1,203.140.25.50,6,128,40,1107,80,2230791625.0,3410967118.0,A,64136.0,5.0,[],,,False,
102,1160011517.021828,60,192.168.1.1,203.140.25.50,6,128,40,1107,80,2230791625.0,3410967118.0,FA,64136.0,5.0,[],,,False,
103,1160011517.021855,54,203.140.25.50,192.168.1.1,6,64,40,80,1107,3410967118.0,2230791626.0,A,5840.0,5.0,[],,,False,
104,1160011517.57036,138,192.168.1.254,192.168.1.1,17,64,124,53,1025,,,,,,,,,,
105,1160011517.571625,62,192.168.1.1,202.189.151.5,6,128,48,1109,80,2371544805.0,0.0,S,65535.0,7.0,"[('MSS', 1460), ('NOP', None), ('NOP', None), ('SAckOK', b'')]",1460.0,,True,
106,1160011517.571723,62,202.189.151.5,192.168.1.1,6,64,48,80,1109,3399076383.0,2371544806.0,SA,5840.0,7.0,"[('MSS', 1460), ('NOP', None), ('NOP', None), ('SAckOK', b'')]",1460.0,,True,
107,1160011517.571738,62,192.168.1.1,202.189.151.5,6,128,48,1108,80,1107646497.0,0.0,S,65535.0,7.0,"[('MSS', 1460), ('NOP', None), ('NOP', None), ('SAckOK', b'')]",1460.0,,True,
108,1160011517.57177,62,202.189.151.5,192.168.1.1,6,64,48,80,1108,3411461927.0,1107646498.0,SA,5840.0,7.0,"[('MSS', 1460), ('NOP', None), ('NOP', None), ('SAckOK', b'')]",1460.0,,True,
109,1160011517.572079,60,192.168.1.1,202.189.151.5,6,128,40,1109,80,2371544806.0,3399076384.0,A,65535.0,5.0,[],,,False,
110,1160011517.572134,60,192.168.1.1,202.189.151.5,6,128,40,1108,80,1107646498.0,3411461928.0,A,65535.0,5.0,[],,,False,
111,1160011517.572158,130,192.168.1.1,202.189.151.5,6,128,116,1109,80,2371544806.0,3399076384.0,PA,65535.0,5.0,[],,,False,
112,1160011517.57219,54,202.189.151.5,192.168.1.1,6,64,40,80,1109,3399076384.0,2371544882.0,A,5840.0,5.0,[],,,False,
113,1160011517.573294,130,192.168.1.1,202.189.151.5,6,128,116,1108,80,1107646498.0,3411461928.0,PA,65535.0,5.0,[],,,False,
114,1160011517.573385,54,202.189.151.5,192.168.1.1,6,64,40,80,1108,3411461928.0,1107646574.0,A,5840.0,5.0,[],,,False,
115,1160011517.575683,1453,202.189.151.5,192.168.1.1,6,64,1439,80,1109,3399076384.0,2371544882.0,PA,5840.0,5.0,[],,,False,
116,1160011517.575852,54,202.189.151.5,192.168.1.1,6,64,40,80,1109,3399077783.0,2371544882.0,FA,5840.0,5.0,[],,,False,
117,1160011517.576073,60,192.168.1.1,202.189.151.5,6,128,40,1109,80,2371544882.0,3399077784.0,A,64136.0,5.0,[],,,False,
118,1160011517.577122,60,192.168.1.1,202.189.151.5,6,128,40,1109,80,2371544882.0,3399077784.0,FA,64136.0,5.0,[],,,False,
119,1160011517.577211,54,202.189.151.5,192.168.1.1,6,64,40,80,1109,3399077784.0,2371544883.0,A,5840.0,5.0,[],,,False,
120,1160011517.577238,62,192.168.1.1,202.189.151.5,6,128,48,1110,80,1016258627.0,0.0,S,65535.0,7.0,"[('MSS', 1460), ('NOP', None), ('NOP', None), ('SAckOK', b'')]",1460.0,,True,
121,1160011517.577301,62,202.189.151.5,192.168.1.1,6,64,48,80,1110,3410096842.0,1016258628.0,SA,5840.0,7.0,"[('MSS', 1460), ('NOP', None), ('NOP', None), ('SAckOK', b'')]",1460.0,,True,
122,1160011517.578512,60,192.168.1.1,202.189.151.5,6,128,40,1110,80,1016258628.0,3410096843.0,A,65535.0,5.0,[],,,False,
123,1160011517.578614,130,192.168.1.1,202.189.151.5,6,128,116,1110,80,1016258628.0,3410096843.0,PA,65535.0,5.0,[],,,False,
124,1160011517.57867,54,202.189.151.5,192.168.1.1,6,64,40,80,1110,3410096843.0,1016258704.0,A,5840.0,5.0,[],,,False,
125,1160011517.578683,77,192.168.1.1,192.168.1.254,17,128,63,1025,53,,,,,,,,,,
126,1160011517.581464,1453,202.189.151.5,192.168.1.1,6,64,1439,80,1108,3411461928.0,1107646574.0,PA,5840.0,5.0,[],,,False,
127,1160011517.581781,54,202.189.151.5,192.168.1.1,6,64,40,80,1108,3411463327.0,1107646574.0,FA,5840.0,5.0,[],,,False,
128,1160011517.582374,1453,202.189.151.5,192.168.1.1,6,64,1439,80,1110,3410096843.0,1016258704.0,PA,5840.0,5.0,[],,,False,
129,1160011517.583007,60,192.168.1.1,202.189.151.5,6,128,40,1108,80,1107646574.0,3411463328.0,A,64136.0,5.0,[],,,False,
130,1160011517.583061,60,192.168.1.1,202.189.151.5,6,128,40,1108,80,1107646574.0,3411463328.0,FA,64136.0,5.0,[],,,False,
131,1160011517.583088,54,202.189.151.5,192.168.1.1,6,64,40,80,1108,3411463328.0,1107646575.0,A,5840.0,5.0,[],,,False,
132,1160011517.589157,54,202.189.151.5,192.168.1.1,6,64,40,80,1110,3410098242.0,1016258704.0,FA,5840.0,5.0,[],,,False,
133,1160011517.589411,60,192.168.1.1,202.189.151.5,6,128,40,1110,80,1016258704.0,3410098243.0,A,64136.0,5.0,[],,,False,
134,1160011517.589446,60,192.168.1.1,202.189.151.5,6,128,40,1110,80,1016258704.0,3410098243.0,FA,64136.0,5.0,[],,,False,
135,1160011517.589468,54,202.189.151.5,192.168.1.1,6,64,40,80,1110,3410098243.0,1016258705.0,A,5840.0,5.0,[],,,False,
136,1160011517.717002,109,84.244.1.30,192.168.1.1,6,64,95,5050,1101,3395161391.0,3112056465.0,PA,5840.0,5.0,[],,,False,
137,1160011517.856075,60,192.168.1.1,84.244.1.30,6,128,40,1101,5050,3112056465.0,3395161446.0,A,65411.0,5.0,[],,,False,
138,1160011518.589285,77,192.168.1.1,192.168.1.254,17,128,63,1025,53,,,,,,,,,,
139,1160011518.716329,112,192.168.1.1,84.244.1.30,6,128,98,1101,5050,3112056465.0,3395161446.0,PA,65411.0,5.0,[],,,False,
140,1160011518.716422,54,84.244.1.30,192.168.1.1,6,64,40,5050,1101,3395161446.0,3112056523.0,A,5840.0,5.0,[],,,False,
141,1160011519.319279,159,192.168.1.254,192.168.1.1,17,64,145,53,1025,,,,,,,,,,
142,1160011519.319501,159,192.168.1.254,192.168.1.1,17,64,145,53,1025,,,,,,,,,,
143,1160011519.320642,62,192.168.1.1,210.153.70.38,6,128,48,1111,80,913938028.0,0.0,S,65535.0,7.0,"[('MSS', 1460), ('NOP', None), ('NOP', None), ('SAckOK', b'')]",1460.0,,True,
144,1160011519.320736,62,210.153.70.38,192.168.1.1,6,64,48,80,1111,3407063829.0,913938029.0,SA,5840.0,7.0,"[('MSS', 1460), ('NOP', None), ('NOP', None), ('SAckOK', b'')]",1460.0,,True,
145,1160011519.320758,62,192.168.1.1,210.153.70.38,6,128,48,1112,80,112665259.0,0.0,S,65535.0,7.0,"[('MSS', 1460), ('NOP', None), ('NOP', None), ('SAckOK', b'')]",1460.0,,True,
146,1160011519.320796,62,210.153.70.38,192.168.1.1,6,64,48,80,1112,3410862546.0,112665260.0,SA,5840.0,7.0,"[('MSS', 1460), ('NOP', None), ('NOP', None), ('SAckOK', b'')]",1460.0,,True,
147,1160011519.321104,60,192.168.1.1,210.153.70.38,6,128,40,1111,80,913938029.0,3407063830.0,A,65535.0,5.0,[],,,False,
148,1160011519.321158,60,192.168.1.1,210.153.70.38,6,128,40,1112,80,112665260.0,3410862547.0,A,65535.0,5.0,[],,,False,
149,1160011519.321186,134,192.168.1.1,210.153.70.38,6,128,120,1111,80,913938029.0,3407063830.0,PA,65535.0,5.0,[],,,False,
150,1160011519.321224,54,210.153.70.38,192.168.1.1,6,64,40,80,1111,3407063830.0,913938109.0,A,5840.0,5.0,[],,,False,
151,1160011519.321244,134,192.168.1.1,210.153.70.38,6,128,120,1112,80,112665260.0,3410862547.0,PA,65535.0,5.0,[],,,False,
152,1160011519.321271,54,210.153.70.38,192.168.1.1,6,64,40,80,1112,3410862547.0,112665340.0,A,5840.0,5.0,[],,,False,
153,1160011519.325311,1453,210.153.70.38,192.168.1.1,6,64,1439,80,1111,3407063830.0,913938109.0,PA,5840.0,5.0,[],,,False,
154,1160011519.325343,1453,210.153.70.38,192.168.1.1,6,64,1439,80,1112,3410862547.0,112665340.0,PA,5840.0,5.0,[],,,False,
155,1160011519.325578,54,210.153.70.38,192.168.1.1,6,64,40,80,1112,3410863946.0,112665340.0,FA,5840.0,5.0,[],,,False,
156,1160011519.325757,54,210.153.70.38,192.168.1.1,6,64,40,80,1111,3407065229.0,913938109.0,FA,5840.0,5.0,[],,,False,
157,1160011519.326055,60,192.168.1.1,210.153.70.38,6,128,40,1112,80,112665340.0,3410863947.0,A,64136.0,5.0,[],,,False,
158,1160011519.326116,60,192.168.1.1,210.153.70.38,6,128,40,1111,80,913938109.0,3407065230.0,A,64136.0,5.0,[],,,False,
159,1160011519.326136,60,192.168.1.1,210.153.70.38,6,128,40,1111,80,913938109.0,3407065230.0,FA,64136.0,5.0,[],,,False,
160,1160011519.326161,54,210.153.70.38,192.168.1.1,6,64,40,80,1111,3407065230.0,913938110.0,A,5840.0,5.0,[],,,False,
161,1160011519.327581,60,192.168.1.1,210.153.70.38,6,128,40,1112,80,112665340.0,3410863947.0,FA,64136.0,5.0,[],,,False,
162,1160011519.327614,54,210.153.70.38,192.168.1.1,6,64,40,80,1112,3410863947.0,112665341.0,A,5840.0,5.0,[],,,False,
163,1160011519.327632,62,192.168.1.1,210.153.70.38,6,128,48,1113,80,1585347882.0,0.0,S,65535.0,7.0,"[('MSS', 1460), ('NOP', None), ('NOP', None), ('SAckOK', b'')]",1460.0,,True,
164,1160011519.327717,62,210.153.70.38,192.168.1.1,6,64,48,80,1113,3414040307.0,1585347883.0,SA,5840.0,7.0,"[('MSS', 1460), ('NOP', None), ('NOP', None), ('SAckOK', b'')]",1460.0,,True,
165,1160011519.328847,60,192.168.1.1,210.153.70.38,6,128,40,1113,80,1585347883.0,3414040308.0,A,65535.0,5.0,[],,,False,
166,1160011519.328892,134,192.168.1.1,210.153.70.38,6,128,120,1113,80,1585347883.0,3414040308.0,PA,65535.0,5.0,[],,,False,
167,1160011519.328923,54,210.153.70.38,192.168.1.1,6,64,40,80,1113,3414040308.0,1585347963.0,A,5840.0,5.0,[],,,False,
168,1160011519.328933,76,192.168.1.1,192.168.1.254,17,128,62,1025,53,,,,,,,,,,
169,1160011519.332688,1453,210.153.70.38,192.168.1.1,6,64,1439,80,1113,3414040308.0,1585347963.0,PA,5840.0,5.0,[],,,False,
170,1160011519.332918,54,210.153.70.38,192.168.1.1,6,64,40,80,1113,3414041707.0,1585347963.0,FA,5840.0,5.0,[],,,False,
171,1160011519.334185,60,192.168.1.1,210.153.70.38,6,128,40,1113,80,1585347963.0,3414041708.0,A,64136.0,5.0,[],,,False,
172,1160011519.334259,60,192.168.1.1,210.153.70.38,6,128,40,1113,80,1585347963.0,3414041708.0,FA,64136.0,5.0,[],,,False,
173,1160011519.334294,54,210.153.70.38,192.168.1.1,6,64,40,80,1113,3414041708.0,1585347964.0,A,5840.0,5.0,[],,,False,
174,1160011519.72031,108,84.244.1.30,192.168.1.1,6,64,94,5050,1101,3395161446.0,3112056523.0,PA,5840.0,5.0,[],,,False,
175,1160011519.85887,60,192.168.1.1,84.244.1.30,6,128,40,1101,5050,3112056523.0,3395161500.0,A,65357.0,5.0,[],,,False,
176,1160011519.871919,159,192.168.1.254,192.168.1.1,17,64,145,53,1025,,,,,,,,,,
177,1160011519.873112,62,192.168.1.1,219.163.5.185,6,128,48,1114,80,3163541525.0,0.0,S,65535.0,7.0,"[('MSS', 1460), ('NOP', None), ('NOP', None), ('SAckOK', b'')]",1460.0,,True,
178,1160011519.873195,62,219.163.5.185,192.168.1.1,6,64,48,80,1114,3400690613.0,3163541526.0,SA,5840.0,7.0,"[('MSS', 1460), ('NOP', None), ('NOP', None), ('SAckOK', b'')]",1460.0,,True,
179,1160011519.873209,62,192.168.1.1,219.163.5.185,6,128,48,1115,80,1814144140.0,0.0,S,65535.0,7.0,"[('MSS', 1460), ('NOP', None), ('NOP', None), ('SAckOK', b'')]",1460.0,,True,
180,1160011519.87325,62,219.163.5.185,192.168.1.1,6,64,48,80,1115,3410536369.0,1814144141.0,SA,5840.0,7.0,"[('MSS', 1460), ('NOP', None), ('NOP', None), ('SAckOK', b'')]",1460.0,,True,
181,1160011519.873562,60,192.168.1.1,219.163.5.185,6,128,40,1114,80,3163541526.0,3400690614.0,A,65535.0,5.0,[],,,False,
182,1160011519.873607,60,192.168.1.1,219.163.5.185,6,128,40,1115,80,1814144141.0,3410536370.0,A,65535.0,5.0,[],,,False,
183,1160011519.873634,124,192.168.1.1,219.163.5.185,6,128,110,1115,80,1814144141.0,3410536370.0,PA,65535.0,5.0,[],,,False,
184,1160011519.873666,54,219.163.5.185,192.168.1.1,6,64,40,80,1115,3410536370.0,1814144211.0,A,5840.0,5.0,[],,,False,
185,1160011519.874769,124,192.168.1.1,219.163.5.185,6,128,110,1114,80,3163541526.0,3400690614.0,PA,65535.0,5.0,[],,,False,
186,1160011519.874809,54,219.163.5.185,192.168.1.1,6,64,40,80,1114,3400690614.0,3163541596.0,A,5840.0,5.0,[],,,False,
187,1160011519.877298,1453,219.163.5.185,192.168.1.1,6,64,1439,80,1115,3410536370.0,1814144211.0,PA,5840.0,5.0,[],,,False,
188,1160011519.877582,54,219.163.5.185,192.168.1.1,6,64,40,80,1115,3410537769.0,1814144211.0,FA,5840.0,5.0,[],,,False,
189,1160011519.878251,1453,219.163.5.185,192.168.1.1,6,64,1439,80,1114,3400690614.0,3163541596.0,PA,5840.0,5.0,[],,,False,
190,1160011519.878464,54,219.163.5.185,192.168.1.1,6,64,40,80,1114,3400692013.0,3163541596.0,FA,5840.0,5.0,[],,,False,
191,1160011519.87871,60,192.168.1.1,219.163.5.185,6,128,40,1115,80,1814144211.0,3410537770.0,A,64136.0,5.0,[],,,False,
192,1160011519.878768,60,192.168.1.1,219.163.5.185,6,128,40,1115,80,1814144211.0,3410537770.0,FA,64136.0,5.0,[],,,False,
193,1160011519.878799,54,219.163.5.185,192.168.1.1,6,64,40,80,1115,3410537770.0,1814144212.0,A,5840.0,5.0,[],,,False,
194,1160011519.878828,60,192.168.1.1,219.163.5.185,6,128,40,1114,80,3163541596.0,3400692014.0,A,64136.0,5.0,[],,,False,
195,1160011519.88021,60,192.168.1.1,219.163.5.185,6,128,40,1114,80,3163541596.0,3400692014.0,FA,64136.0,5.0,[],,,False,
196,1160011519.880237,54,219.163.5.185,192.168.1.1,6,64,40,80,1114,3400692014.0,3163541597.0,A,5840.0,5.0,[],,,False,
197,1160011519.880252,62,192.168.1.1,219.163.5.185,6,128,48,1116,80,2228895788.0,0.0,S,65535.0,7.0,"[('MSS', 1460), ('NOP', None), ('NOP', None), ('SAckOK', b'')]",1460.0,,True,
198,1160011519.880312,62,219.163.5.185,192.168.1.1,6,64,48,80,1116,3408216775.0,2228895789.0,SA,5840.0,7.0,"[('MSS', 1460), ('NOP', None), ('NOP', None), ('SAckOK', b'')]",1460.0,,True,
199,1160011519.881344,60,192.168.1.1,219.163.5.185,6,128,40,1116,80,2228895789.0,3408216776.0,A,65535.0,5.0,[],,,False,
200,1160011519.881393,124,192.168.1.1,219.163.5.185,6,128,110,1116,80,2228895789.0,3408216776.0,PA,65535.0,5.0,[],,,False,
201,1160011519.881425,54,219.163.5.185,192.168.1.1,6,64,40,80,1116,3408216776.0,2228895859.0,A,5840.0,5.0,[],,,False,
202,1160011519.881435,79,192.168.1.1,192.168.1.254,17,128,65,1025,53,,,,,,,,,,
203,1160011519.88529,1453,219.163.5.185,192.168.1.1,6,64,1439,80,1116,3408216776.0,2228895859.0,PA,5840.0,5.0,[],,,False,
204,1160011519.885481,54,219.163.5.185,192.168.1.1,6,64,40,80,1116,3408218175.0,2228895859.0,FA,5840.0,5.0,[],,,False,
205,1160011519.886781,60,192.168.1.1,219.163.5.185,6,128,40,1116,80,2228895859.0,3408218176.0,A,64136.0,5.0,[],,,False,
206,1160011519.886848,60,192.168.1.1,219.163.5.185,6,128,40,1116,80,2228895859.0,3408218176.0,FA,64136.0,5.0,[],,,False,
207,1160011519.886884,54,219.163.5.185,192.168.1.1,6,64,40,80,1116,3408218176.0,2228895860.0,A,5840.0,5.0,[],,,False,
208,1160011520.72019,137,192.168.1.1,84.244.1.30,6,128,123,1101,5050,3112056523.0,3395161500.0,PA,65357.0,5.0,[],,,False,
209,1160011520.720283,54,84.244.1.30,192.168.1.1,6,64,40,5050,1101,3395161500.0,3112056606.0,A,5840.0,5.0,[],,,False,
210,1160011520.760952,367,192.168.1.254,192.168.1.1,17,64,353,53,1025,,,,,,,,,,
211,1160011520.762456,62,192.168.1.1,211.8.0.252,6,128,48,1117,80,967169792.0,0.0,S,65535.0,7.0,"[('MSS', 1460), ('NOP', None), ('NOP', None), ('SAckOK', b'')]",1460.0,,True,
212,1160011520.762553,62,211.8.0.252,192.168.1.1,6,64,48,80,1117,3412912214.0,967169793.0,SA,5840.0,7.0,"[('MSS', 1460), ('NOP', None), ('NOP', None), ('SAckOK', b'')]",1460.0,,True,
213,1160011520.762569,62,192.168.1.1,211.8.0.252,6,128,48,1118,80,1128585036.0,0.0,S,65535.0,7.0,"[('MSS', 1460), ('NOP', None), ('NOP', None), ('SAckOK', b'')]",1460.0,,True,
214,1160011520.762602,62,211.8.0.252,192.168.1.1,6,64,48,80,1118,3407065241.0,1128585037.0,SA,5840.0,7.0,"[('MSS', 1460), ('NOP', None), ('NOP', None), ('SAckOK', b'')]",1460.0,,True,
215,1160011520.762919,60,192.168.1.1,211.8.0.252,6,128,40,1117,80,967169793.0,3412912215.0,A,65535.0,5.0,[],,,False,
216,1160011520.762967,60,192.168.1.1,211.8.0.252,6,128,40,1118,80,1128585037.0,3407065242.0,A,65535.0,5.0,[],,,False,
217,1160011520.762992,150,192.168.1.1,211.8.0.252,6,128,136,1117,80,967169793.0,3412912215.0,PA,65535.0,5.0,[],,,False,
218,1160011520.763026,54,211.8.0.252,192.168.1.1,6,64,40,80,1117,3412912215.0,967169889.0,A,5840.0,5.0,[],,,False,
219,1160011520.764133,150,192.168.1.1,211.8.0.252,6,128,136,1118,80,1128585037.0,3407065242.0,PA,65535.0,5.0,[],,,False,
220,1160011520.764223,54,211.8.0.252,192.168.1.1,6,64,40,80,1118,3407065242.0,1128585133.0,A,5840.0,5.0,[],,,False,
221,1160011520.767051,1453,211.8.0.252,192.168.1.1,6,64,1439,80,1117,3412912215.0,967169889.0,PA,5840.0,5.0,[],,,False,
222,1160011520.767261,54,211.8.0.252,192.168.1.1,6,64,40,80,1117,3412913614.0,967169889.0,FA,5840.0,5.0,[],,,False,
223,1160011520.768094,1453,211.8.0.252,192.168.1.1,6,64,1439,80,1118,3407065242.0,1128585133.0,PA,5840.0,5.0,[],,,False,
224,1160011520.768303,54,211.8.0.252,192.168.1.1,6,64,40,80,1118,3407066641.0,1128585133.0,FA,5840.0,5.0,[],,,False,
225,1160011520.768545,60,192.168.1.1,211.8.0.252,6,128,40,1117,80,967169889.0,3412913615.0,A,64136.0,5.0,[],,,False,
226,1160011520.768604,60,192.168.1.1,211.8.0.252,6,128,40,1117,80,967169889.0,3412913615.0,FA,64136.0,5.0,[],,,False,
227,1160011520.768633,54,211.8.0.252,192.168.1.1,6,64,40,80,1117,3412913615.0,967169890.0,A,5840.0,5.0,[],,,False,
228,1160011520.768654,60,192.168.1.1,211.8.0.252,6,128,40,1118,80,1128585133.0,3407066642.0,A,64136.0,5.0,[],,,False,
229,1160011520.769077,60,192.168.1.1,211.8.0.252,6,128,40,1118,80,1128585133.0,3407066642.0,FA,64136.0,5.0,[],,,False,
230,1160011520.769109,54,211.8.0.252,192.168.1.1,6,64,40,80,1118,3407066642.0,1128585134.0,A,5840.0,5.0,[],,,False,
231,1160011520.771456,62,192.168.1.1,211.8.0.252,6,128,48,1119,80,2728696960.0,0.0,S,65535.0,7.0,"[('MSS', 1460), ('NOP', None), ('NOP', None), ('SAckOK', b'')]",1460.0,,True,
232,1160011520.771522,62,211.8.0.252,192.168.1.1,6,64,48,80,1119,3413082616.0,2728696961.0,SA,5840.0,7.0,"[('MSS', 1460), ('NOP', None), ('NOP', None), ('SAckOK', b'')]",1460.0,,True,
233,1160011520.771535,62,192.168.1.1,211.8.0.252,6,128,48,1120,80,590798321.0,0.0,S,65535.0,7.0,"[('MSS', 1460), ('NOP', None), ('NOP', None), ('SAckOK', b'')]",1460.0,,True,
234,1160011520.771568,62,211.8.0.252,192.168.1.1,6,64,48,80,1120,3415706094.0,590798322.0,SA,5840.0,7.0,"[('MSS', 1460), ('NOP', None), ('NOP', None), ('SAckOK', b'')]",1460.0,,True,
235,1160011520.771719,60,192.168.1.1,211.8.0.252,6,128,40,1119,80,2728696961.0,3413082617.0,A,65535.0,5.0,[],,,False,
236,1160011520.771762,60,192.168.1.1,211.8.0.252,6,128,40,1120,80,590798322.0,3415706095.0,A,65535.0,5.0,[],,,False,
237,1160011520.772966,150,192.168.1.1,211.8.0.252,6,128,136,1119,80,2728696961.0,3413082617.0,PA,65535.0,5.0,[],,,False,
238,1160011520.773001,54,211.8.0.252,192.168.1.1,6,64,40,80,1119,3413082617.0,2728697057.0,A,5840.0,5.0,[],,,False,
239,1160011520.773011,150,192.168.1.1,211.8.0.252,6,128,136,1120,80,590798322.0,3415706095.0,PA,65535.0,5.0,[],,,False,
240,1160011520.773041,54,211.8.0.252,192.168.1.1,6,64,40,80,1120,3415706095.0,590798418.0,A,5840.0,5.0,[],,,False,
241,1160011520.777153,1453,211.8.0.252,192.168.1.1,6,64,1439,80,1119,3413082617.0,2728697057.0,PA,5840.0,5.0,[],,,False,
242,1160011520.777376,54,211.8.0.252,192.168.1.1,6,64,40,80,1119,3413084016.0,2728697057.0,FA,5840.0,5.0,[],,,False,
243,1160011520.777805,60,192.168.1.1,211.8.0.252,6,128,40,1119,80,2728697057.0,3413084017.0,A,64136.0,5.0,[],,,False,
244,1160011520.777869,60,192.168.1.1,211.8.0.252,6,128,40,1119,80,2728697057.0,3413084017.0,FA,64136.0,5.0,[],,,False,
245,1160011520.777902,54,211.8.0.252,192.168.1.1,6,64,40,80,1119,3413084017.0,2728697058.0,A,5840.0,5.0,[],,,False,
246,1160011520.779665,1453,211.8.0.252,192.168.1.1,6,64,1439,80,1120,3415706095.0,590798418.0,PA,5840.0,5.0,[],,,False,
247,1160011520.779726,62,192.168.1.1,211.8.0.252,6,128,48,1121,80,623005599.0,0.0,S,65535.0,7.0,"[('MSS', 1460), ('NOP', None), ('NOP', None), ('SAckOK', b'')]",1460.0,,True,
248,1160011520.779833,62,211.8.0.252,192.168.1.1,6,64,48,80,1121,3412049165.0,623005600.0,SA,5840.0,7.0,"[('MSS', 1460), ('NOP', None), ('NOP', None), ('SAckOK', b'')]",1460.0,,True,
249,1160011520.780009,54,211.8.0.252,192.168.1.1,6,64,40,80,1120,3415707494.0,590798418.0,FA,5840.0,5.0,[],,,False,
250,1160011520.780168,60,192.168.1.1,211.8.0.252,6,128,40,1121,80,623005600.0,3412049166.0,A,65535.0,5.0,[],,,False,
251,1160011520.780227,60,192.168.1.1,211.8.0.252,6,128,40,1120,80,590798418.0,3415707495.0,A,64136.0,5.0,[],,,False,
252,1160011520.781457,150,192.168.1.1,211.8.0.252,6,128,136,1121,80,623005600.0,3412049166.0,PA,65535.0,5.0,[],,,False,
253,1160011520.781498,54,211.8.0.252,192.168.1.1,6,64,40,80,1121,3412049166.0,623005696.0,A,5840.0,5.0,[],,,False,
254,1160011520.781512,60,192.168.1.1,211.8.0.252,6,128,40,1120,80,590798418.0,3415707495.0,FA,64136.0,5.0,[],,,False,
255,1160011520.781536,54,211.8.0.252,192.168.1.1,6,64,40,80,1120,3415707495.0,590798419.0,A,5840.0,5.0,[],,,False,
256,1160011520.781562,62,192.168.1.1,211.8.0.252,6,128,48,1122,80,3576306643.0,0.0,S,65535.0,7.0,"[('MSS', 1460), ('NOP', None), ('NOP', None), ('SAckOK', b'')]",1460.0,,True,
257,1160011520.781607,62,211.8.0.252,192.168.1.1,6,64,48,80,1122,3413968908.0,3576306644.0,SA,5840.0,7.0,"[('MSS', 1460), ('NOP', None), ('NOP', None), ('SAckOK', b'')]",1460.0,,True,
258,1160011520.781749,60,192.168.1.1,211.8.0.252,6,128,40,1122,80,3576306644.0,3413968909.0,A,65535.0,5.0,[],,,False,
259,1160011520.783058,150,192.168.1.1,211.8.0.252,6,128,136,1122,80,3576306644.0,3413968909.0,PA,65535.0,5.0,[],,,False,
260,1160011520.783106,54,211.8.0.252,192.168.1.1,6,64,40,80,1122,3413968909.0,3576306740.0,A,5840.0,5.0,[],,,False,
261,1160011520.783117,62,192.168.1.1,202.189.151.5,6,128,48,1123,80,1332475407.0,0.0,S,65535.0,7.0,"[('MSS', 1460), ('NOP', None), ('NOP', None), ('SAckOK', b'')]",1460.0,,True,
262,1160011520.783165,62,202.189.151.5,192.168.1.1,6,64,48,80,1123,3410583150.0,1332475408.0,SA,5840.0,7.0,"[('MSS', 1460), ('NOP', None), ('NOP', None), ('SAckOK', b'')]",1460.0,,True,
263,1160011520.783438,60,192.168.1.1,202.189.151.5,6,128,40,1123,80,1332475408.0,3410583151.0,A,65535.0,5.0,[],,,False,
264,1160011520.783491,130,192.168.1.1,202.189.151.5,6,128,116,1123,80,1332475408.0,3410583151.0,PA,65535.0,5.0,[],,,False,
265,1160011520.783519,54,202.189.151.5,192.168.1.1,6,64,40,80,1123,3410583151.0,1332475484.0,A,5840.0,5.0,[],,,False,
266,1160011520.784903,1453,211.8.0.252,192.168.1.1,6,64,1439,80,1121,3412049166.0,623005696.0,PA,5840.0,5.0,[],,,False,
267,1160011520.78512,54,211.8.0.252,192.168.1.1,6,64,40,80,1121,3412050565.0,623005696.0,FA,5840.0,5.0,[],,,False,
268,1160011520.786316,60,192.168.1.1,211.8.0.252,6,128,40,1121,80,623005696.0,3412050566.0,A,64136.0,5.0,[],,,False,
269,1160011520.786411,60,192.168.1.1,211.8.0.252,6,128,40,1121,80,623005696.0,3412050566.0,FA,64136.0,5.0,[],,,False,
270,1160011520.786456,54,211.8.0.252,192.168.1.1,6,64,40,80,1121,3412050566.0,623005697.0,A,5840.0,5.0,[],,,False,
271,1160011520.786494,62,192.168.1.1,202.189.151.5,6,128,48,1124,80,4246103504.0,0.0,S,65535.0,7.0,"[('MSS', 1460), ('NOP', None), ('NOP', None), ('SAckOK', b'')]",1460.0,,True,
272,1160011520.786584,62,202.189.151.5,192.168.1.1,6,64,48,80,1124,3415219873.0,4246103505.0,SA,5840.0,7.0,"[('MSS', 1460), ('NOP', None), ('NOP', None), ('SAckOK', b'')]",1460.0,,True,
273,1160011520.787158,1453,202.189.151.5,192.168.1.1,6,64,1439,80,1123,3410583151.0,1332475484.0,PA,5840.0,5.0,[],,,False,
274,1160011520.787335,54,202.189.151.5,192.168.1.1,6,64,40,80,1123,3410584550.0,1332475484.0,FA,5840.0,5.0,[],,,False,
275,1160011520.787818,60,192.168.1.1,202.189.151.5,6,128,40,1124,80,4246103505.0,3415219874.0,A,65535.0,5.0,[],,,False,
276,1160011520.78791,130,192.168.1.1,202.189.151.5,6,128,116,1124,80,4246103505.0,3415219874.0,PA,65535.0,5.0,[],,,False,
277,1160011520.787956,54,202.189.151.5,192.168.1.1,6,64,40,80,1124,3415219874.0,4246103581.0,A,5840.0,5.0,[],,,False,
278,1160011520.787969,60,192.168.1.1,202.189.151.5,6,128,40,1123,80,1332475484.0,3410584551.0,A,64136.0,5.0,[],,,False,
279,1160011520.788001,60,192.168.1.1,202.189.151.5,6,128,40,1123,80,1332475484.0,3410584551.0,FA,64136.0,5.0,[],,,False,
280,1160011520.788025,54,202.189.151.5,192.168.1.1,6,64,40,80,1123,3410584551.0,1332475485.0,A,5840.0,5.0,[],,,False,
281,1160011520.790056,62,192.168.1.1,203.140.25.50,6,128,48,1125,80,3769416957.0,0.0,S,65535.0,7.0,"[('MSS', 1460), ('NOP', None), ('NOP', None), ('SAckOK', b'')]",1460.0,,True,
282,1160011520.790182,62,203.140.25.50,192.168.1.1,6,64,48,80,1125,3405837577.0,3769416958.0,SA,5840.0,7.0,"[('MSS', 1460), ('NOP', None), ('NOP', None), ('SAckOK', b'')]",1460.0,,True,
283,1160011520.791132,1453,211.8.0.252,192.168.1.1,6,64,1439,80,1122,3413968909.0,3576306740.0,PA,5840.0,5.0,[],,,False,
284,1160011520.791333,54,211.8.0.252,192.168.1.1,6,64,40,80,1122,3413970308.0,3576306740.0,FA,5840.0,5.0,[],,,False,
285,1160011520.791387,1453,202.189.151.5,192.168.1.1,6,64,1439,80,1124,3415219874.0,4246103581.0,PA,5840.0,5.0,[],,,False,
286,1160011520.791433,60,192.168.1.1,203.140.25.50,6,128,40,1125,80,3769416958.0,3405837578.0,A,65535.0,5.0,[],,,False,
287,1160011520.79154,139,192.168.1.1,203.140.25.50,6,128,125,1125,80,3769416958.0,3405837578.0,PA,65535.0,5.0,[],,,False,
288,1160011520.791587,54,203.140.25.50,192.168.1.1,6,64,40,80,1125,3405837578.0,3769417043.0,A,5840.0,5.0,[],,,False,
289,1160011520.791599,60,192.168.1.1,211.8.0.252,6,128,40,1122,80,3576306740.0,3413970309.0,A,64136.0,5.0,[],,,False,
290,1160011520.79163,54,202.189.151.5,192.168.1.1,6,64,40,80,1124,3415221273.0,4246103581.0,FA,5840.0,5.0,[],,,False,
291,1160011520.791897,60,192.168.1.1,202.189.151.5,6,128,40,1124,80,4246103581.0,3415221274.0,A,64136.0,5.0,[],,,False,
292,1160011520.791946,60,192.168.1.1,211.8.0.252,6,128,40,1122,80,3576306740.0,3413970309.0,FA,64136.0,5.0,[],,,False,
293,1160011520.791974,54,211.8.0.252,192.168.1.1,6,64,40,80,1122,3413970309.0,3576306741.0,A,5840.0,5.0,[],,,False,
294,1160011520.793469,60,192.168.1.1,202.189.151.5,6,128,40,1124,80,4246103581.0,3415221274.0,FA,64136.0,5.0,[],,,False,
295,1160011520.793501,54,202.189.151.5,192.168.1.1,6,64,40,80,1124,3415221274.0,4246103582.0,A,5840.0,5.0,[],,,False,
296,1160011520.79352,62,192.168.1.1,203.140.25.50,6,128,48,1126,80,2576218433.0,0.0,S,65535.0,7.0,"[('MSS', 1460), ('NOP', None), ('NOP', None), ('SAckOK', b'')]",1460.0,,True,
297,1160011520.793589,62,203.140.25.50,192.168.1.1,6,64,48,80,1126,3409621083.0,2576218434.0,SA,5840.0,7.0,"[('MSS', 1460), ('NOP', None), ('NOP', None), ('SAckOK', b'')]",1460.0,,True,
298,1160011520.793934,60,192.168.1.1,203.140.25.50,6,128,40,1126,80,2576218434.0,3409621084.0,A,65535.0,5.0,[],,,False,
299,1160011520.793977,139,192.168.1.1,203.140.25.50,6,128,125,1126,80,2576218434.0,3409621084.0,PA,65535.0,5.0,[],,,False,
300,1160011520.794004,54,203.140.25.50,192.168.1.1,6,64,40,80,1126,3409621084.0,2576218519.0,A,5840.0,5.0,[],,,False,
301,1160011520.795301,1453,203.140.25.50,192.168.1.1,6,64,1439,80,1125,3405837578.0,3769417043.0,PA,5840.0,5.0,[],,,False,
302,1160011520.795469,54,203.140.25.50,192.168.1.1,6,64,40,80,1125,3405838977.0,3769417043.0,FA,5840.0,5.0,[],,,False,
303,1160011520.795559,62,192.168.1.1,202.189.151.5,6,128,48,1127,80,4134174424.0,0.0,S,65535.0,7.0,"[('MSS', 1460), ('NOP', None), ('NOP', None), ('SAckOK', b'')]",1460.0,,True,
304,1160011520.795667,62,202.189.151.5,192.168.1.1,6,64,48,80,1127,3412289467.0,4134174425.0,SA,5840.0,7.0,"[('MSS', 1460), ('NOP', None), ('NOP', None), ('SAckOK', b'')]",1460.0,,True,
305,1160011520.796063,60,192.168.1.1,203.140.25.50,6,128,40,1125,80,3769417043.0,3405838978.0,A,64136.0,5.0,[],,,False,
306,1160011520.796126,60,192.168.1.1,202.189.151.5,6,128,40,1127,80,4134174425.0,3412289468.0,A,65535.0,5.0,[],,,False,
307,1160011520.79617,60,192.168.1.1,203.140.25.50,6,128,40,1125,80,3769417043.0,3405838978.0,FA,64136.0,5.0,[],,,False,
308,1160011520.796203,54,203.140.25.50,192.168.1.1,6,64,40,80,1125,3405838978.0,3769417044.0,A,5840.0,5.0,[],,,False,
309,1160011520.797557,130,192.168.1.1,202.189.151.5,6,128,116,1127,80,4134174425.0,3412289468.0,PA,65535.0,5.0,[],,,False,
310,1160011520.797652,54,202.189.151.5,192.168.1.1,6,64,40,80,1127,3412289468.0,4134174501.0,A,5840.0,5.0,[],,,False,
311,1160011520.797671,62,192.168.1.1,203.140.25.50,6,128,48,1128,80,205523720.0,0.0,S,65535.0,7.0,"[('MSS', 1460), ('NOP', None), ('NOP', None), ('SAckOK', b'')]",1460.0,,True,
312,1160011520.797761,62,203.140.25.50,192.168.1.1,6,64,48,80,1128,3402338796.0,205523721.0,SA,5840.0,7.0,"[('MSS', 1460), ('NOP', None), ('NOP', None), ('SAckOK', b'')]",1460.0,,True,
313,1160011520.79819,1453,203.140.25.50,192.168.1.1,6,64,1439,80,1126,3409621084.0,2576218519.0,PA,5840.0,5.0,[],,,False,
314,1160011520.798386,54,203.140.25.50,192.168.1.1,6,64,40,80,1126,3409622483.0,2576218519.0,FA,5840.0,5.0,[],,,False,
315,1160011520.798575,60,192.168.1.1,203.140.25.50,6,128,40,1128,80,205523721.0,3402338797.0,A,65535.0,5.0,[],,,False,
316,1160011520.798638,139,192.168.1.1,203.140.25.50,6,128,125,1128,80,205523721.0,3402338797.0,PA,65535.0,5.0,[],,,False,
317,1160011520.798665,54,203.140.25.50,192.168.1.1,6,64,40,80,1128,3402338797.0,205523806.0,A,5840.0,5.0,[],,,False,
318,1160011520.798675,60,192.168.1.1,203.140.25.50,6,128,40,1126,80,2576218519.0,3409622484.0,A,64136.0,5.0,[],,,False,
319,1160011520.798879,60,192.168.1.1,203.140.25.50,6,128,40,1126,80,2576218519.0,3409622484.0,FA,64136.0,5.0,[],,,False,
320,1160011520.798914,54,203.140.25.50,192.168.1.1,6,64,40,80,1126,3409622484.0,2576218520.0,A,5840.0,5.0,[],,,False,
321,1160011520.799977,62,192.168.1.1,203.140.25.50,6,128,48,1129,80,906907568.0,0.0,S,65535.0,7.0,"[('MSS', 1460), ('NOP', None), ('NOP', None), ('SAckOK', b'')]",1460.0,,True,
322,1160011520.800107,62,203.140.25.50,192.168.1.1,6,64,48,80,1129,3402233500.0,906907569.0,SA,5840.0,7.0,"[('MSS', 1460), ('NOP', None), ('NOP', None), ('SAckOK', b'')]",1460.0,,True,
323,1160011520.801061,1453,202.189.151.5,192.168.1.1,6,64,1439,80,1127,3412289468.0,4134174501.0,PA,5840.0,5.0,[],,,False,
324,1160011520.801243,54,202.189.151.5,192.168.1.1,6,64,40,80,1127,3412290867.0,4134174501.0,FA,5840.0,5.0,[],,,False,
325,1160011520.801354,60,192.168.1.1,203.140.25.50,6,128,40,1129,80,906907569.0,3402233501.0,A,65535.0,5.0,[],,,False,
326,1160011520.801486,139,192.168.1.1,203.140.25.50,6,128,125,1129,80,906907569.0,3402233501.0,PA,65535.0,5.0,[],,,False,
327,1160011520.801532,54,203.140.25.50,192.168.1.1,6,64,40,80,1129,3402233501.0,906907654.0,A,5840.0,5.0,[],,,False,
328,1160011520.801566,60,192.168.1.1,202.189.151.5,6,128,40,1127,80,4134174501.0,3412290868.0,A,64136.0,5.0,[],,,False,
329,1160011520.801778,60,192.168.1.1,202.189.151.5,6,128,40,1127,80,4134174501.0,3412290868.0,FA,64136.0,5.0,[],,,False,
330,1160011520.801824,54,202.189.151.5,192.168.1.1,6,64,40,80,1127,3412290868.0,4134174502.0,A,5840.0,5.0,[],,,False,
331,1160011520.802974,1453,203.140.25.50,192.168.1.1,6,64,1439,80,1128,3402338797.0,205523806.0,PA,5840.0,5.0,[],,,False,
332,1160011520.803187,54,203.140.25.50,192.168.1.1,6,64,40,80,1128,3402340196.0,205523806.0,FA,5840.0,5.0,[],,,False,
333,1160011520.804346,60,192.168.1.1,203.140.25.50,6,128,40,1128,80,205523806.0,3402340197.0,A,64136.0,5.0,[],,,False,
334,1160011520.804405,60,192.168.1.1,203.140.25.50,6,128,40,1128,80,205523806.0,3402340197.0,FA,64136.0,5.0,[],,,False,
335,1160011520.804434,54,203.140.25.50,192.168.1.1,6,64,40,80,1128,3402340197.0,205523807.0,A,5840.0,5.0,[],,,False,
336,1160011520.804456,62,192.168.1.1,203.140.25.50,6,128,48,1130,80,3013796126.0,0.0,S,65535.0,7.0,"[('MSS', 1460), ('NOP', None), ('NOP', None), ('SAckOK', b'')]",1460.0,,True,
337,1160011520.804534,62,203.140.25.50,192.168.1.1,6,64,48,80,1130,3407104927.0,3013796127.0,SA,5840.0,7.0,"[('MSS', 1460), ('NOP', None), ('NOP', None), ('SAckOK', b'')]",1460.0,,True,
338,1160011520.805738,60,192.168.1.1,203.140.25.50,6,128,40,1130,80,3013796127.0,3407104928.0,A,65535.0,5.0,[],,,False,
339,1160011520.805798,139,192.168.1.1,203.140.25.50,6,128,125,1130,80,3013796127.0,3407104928.0,PA,65535.0,5.0,[],,,False,
340,1160011520.805831,54,203.140.25.50,192.168.1.1,6,64,40,80,1130,3407104928.0,3013796212.0,A,5840.0,5.0,[],,,False,
341,1160011520.805839,62,192.168.1.1,211.8.0.252,6,128,48,1131,80,144674461.0,0.0,S,65535.0,7.0,"[('MSS', 1460), ('NOP', None), ('NOP', None), ('SAckOK', b'')]",1460.0,,True,
342,1160011520.805883,62,211.8.0.252,192.168.1.1,6,64,48,80,1131,3411351244.0,144674462.0,SA,5840.0,7.0,"[('MSS', 1460), ('NOP', None), ('NOP', None), ('SAckOK', b'')]",1460.0,,True,
343,1160011520.805967,1453,203.140.25.50,192.168.1.1,6,64,1439,80,1129,3402233501.0,906907654.0,PA,5840.0,5.0,[],,,False,
344,1160011520.806195,54,203.140.25.50,192.168.1.1,6,64,40,80,1129,3402234900.0,906907654.0,FA,5840.0,5.0,[],,,False,
345,1160011520.806387,60,192.168.1.1,211.8.0.252,6,128,40,1131,80,144674462.0,3411351245.0,A,65535.0,5.0,[],,,False,
346,1160011520.806451,150,192.168.1.1,211.8.0.252,6,128,136,1131,80,144674462.0,3411351245.0,PA,65535.0,5.0,[],,,False,
347,1160011520.806484,54,211.8.0.252,192.168.1.1,6,64,40,80,1131,3411351245.0,144674558.0,A,5840.0,5.0,[],,,False,
348,1160011520.806494,60,192.168.1.1,203.140.25.50,6,128,40,1129,80,906907654.0,3402234901.0,A,64136.0,5.0,[],,,False,
349,1160011520.80779,60,192.168.1.1,203.140.25.50,6,128,40,1129,80,906907654.0,3402234901.0,FA,64136.0,5.0,[],,,False,
350,1160011520.80787,54,203.140.25.50,192.168.1.1,6,64,40,80,1129,3402234901.0,906907655.0,A,5840.0,5.0,[],,,False,
351,1160011520.807902,62,192.168.1.1,211.8.0.252,6,128,48,1132,80,978710338.0,0.0,S,65535.0,7.0,"[('MSS', 1460), ('NOP', None), ('NOP', None), ('SAckOK', b'')]",1460.0,,True,
352,1160011520.807984,62,211.8.0.252,192.168.1.1,6,64,48,80,1132,3406753466.0,978710339.0,SA,5840.0,7.0,"[('MSS', 1460), ('NOP', None), ('NOP', None), ('SAckOK', b'')]",1460.0,,True,
353,1160011520.809182,60,192.168.1.1,211.8.0.252,6,128,40,1132,80,978710339.0,3406753467.0,A,65535.0,5.0,[],,,False,
354,1160011520.809265,150,192.168.1.1,211.8.0.252,6,128,136,1132,80,978710339.0,3406753467.0,PA,65535.0,5.0,[],,,False,
355,1160011520.809299,54,211.8.0.252,192.168.1.1,6,64,40,80,1132,3406753467.0,978710435.0,A,5840.0,5.0,[],,,False,
356,1160011520.810155,1453,203.140.25.50,192.168.1.1,6,64,1439,80,1130,3407104928.0,3013796212.0,PA,5840.0,5.0,[],,,False,
357,1160011520.810322,54,203.140.25.50,192.168.1.1,6,64,40,80,1130,3407106327.0,3013796212.0,FA,5840.0,5.0,[],,,False,
358,1160011520.810783,60,192.168.1.1,203.140.25.50,6,128,40,1130,80,3013796212.0,3407106328.0,A,64136.0,5.0,[],,,False,
359,1160011520.810842,60,192.168.1.1,203.140.25.50,6,128,40,1130,80,3013796212.0,3407106328.0,FA,64136.0,5.0,[],,,False,
360,1160011520.81087,54,203.140.25.50,192.168.1.1,6,64,40,80,1130,3407106328.0,3013796213.0,A,5840.0,5.0,[],,,False,
361,1160011520.811467,1453,211.8.0.252,192.168.1.1,6,64,1439,80,1131,3411351245.0,144674558.0,PA,5840.0,5.0,[],,,False,
362,1160011520.811664,54,211.8.0.252,192.168.1.1,6,64,40,80,1131,3411352644.0,144674558.0,FA,5840.0,5.0,[],,,False,
363,1160011520.812173,62,192.168.1.1,203.140.25.50,6,128,48,1133,80,4197279771.0,0.0,S,65535.0,7.0,"[('MSS', 1460), ('NOP', None), ('NOP', None), ('SAckOK', b'')]",1460.0,,True,
364,1160011520.812278,62,203.140.25.50,192.168.1.1,6,64,48,80,1133,3410640486.0,4197279772.0,SA,5840.0,7.0,"[('MSS', 1460), ('NOP', None), ('NOP', None), ('SAckOK', b'')]",1460.0,,True,
365,1160011520.812296,60,192.168.1.1,211.8.0.252,6,128,40,1131,80,144674558.0,3411352645.0,A,64136.0,5.0,[],,,False,
366,1160011520.812329,60,192.168.1.1,211.8.0.252,6,128,40,1131,80,144674558.0,3411352645.0,FA,64136.0,5.0,[],,,False,
367,1160011520.812357,54,211.8.0.252,192.168.1.1,6,64,40,80,1131,3411352645.0,144674559.0,A,5840.0,5.0,[],,,False,
368,1160011520.813494,60,192.168.1.1,203.140.25.50,6,128,40,1133,80,4197279772.0,3410640487.0,A,65535.0,5.0,[],,,False,
369,1160011520.81356,139,192.168.1.1,203.140.25.50,6,128,125,1133,80,4197279772.0,3410640487.0,PA,65535.0,5.0,[],,,False,
370,1160011520.813593,54,203.140.25.50,192.168.1.1,6,64,40,80,1133,3410640487.0,4197279857.0,A,5840.0,5.0,[],,,False,
371,1160011520.815113,1453,211.8.0.252,192.168.1.1,6,64,1439,80,1132,3406753467.0,978710435.0,PA,5840.0,5.0,[],,,False,
372,1160011520.815311,54,211.8.0.252,192.168.1.1,6,64,40,80,1132,3406754866.0,978710435.0,FA,5840.0,5.0,[],,,False,
373,1160011520.816597,60,192.168.1.1,211.8.0.252,6,128,40,1132,80,978710435.0,3406754867.0,A,64136.0,5.0,[],,,False,
374,1160011520.816694,60,192.168.1.1,211.8.0.252,6,128,40,1132,80,978710435.0,3406754867.0,FA,64136.0,5.0,[],,,False,
375,1160011520.816739,54,211.8.0.252,192.168.1.1,6,64,40,80,1132,3406754867.0,978710436.0,A,5840.0,5.0,[],,,False,
376,1160011520.817241,1453,203.140.25.50,192.168.1.1,6,64,1439,80,1133,3410640487.0,4197279857.0,PA,5840.0,5.0,[],,,False,
377,1160011520.817436,54,203.140.25.50,192.168.1.1,6,64,40,80,1133,3410641886.0,4197279857.0,FA,5840.0,5.0,[],,,False,
378,1160011520.81785,60,192.168.1.1,203.140.25.50,6,128,40,1133,80,4197279857.0,3410641887.0,A,64136.0,5.0,[],,,False,
379,1160011520.817891,60,192.168.1.1,203.140.25.50,6,128,40,1133,80,4197279857.0,3410641887.0,FA,64136.0,5.0,[],,,False,
380,1160011520.817918,54,203.140.25.50,192.168.1.1,6,64,40,80,1133,3410641887.0,4197279858.0,A,5840.0,5.0,[],,,False,
381,1160011520.819802,62,192.168.1.1,211.8.0.252,6,128,48,1134,80,2706765467.0,0.0,S,65535.0,7.0,"[('MSS', 1460), ('NOP', None), ('NOP', None), ('SAckOK', b'')]",1460.0,,True,
382,1160011520.819872,62,211.8.0.252,192.168.1.1,6,64,48,80,1134,3412962796.0,2706765468.0,SA,5840.0,7.0,"[('MSS', 1460), ('NOP', None), ('NOP', None), ('SAckOK', b'')]",1460.0,,True,
383,1160011520.820199,60,192.168.1.1,211.8.0.252,6,128,40,1134,80,2706765468.0,3412962797.0,A,65535.0,5.0,[],,,False,
384,1160011520.820241,150,192.168.1.1,211.8.0.252,6,128,136,1134,80,2706765468.0,3412962797.0,PA,65535.0,5.0,[],,,False,
385,1160011520.820272,54,211.8.0.252,192.168.1.1,6,64,40,80,1134,3412962797.0,2706765564.0,A,5840.0,5.0,[],,,False,
386,1160011520.823426,1453,211.8.0.252,192.168.1.1,6,64,1439,80,1134,3412962797.0,2706765564.0,PA,5840.0,5.0,[],,,False,
387,1160011520.823611,54,211.8.0.252,192.168.1.1,6,64,40,80,1134,3412964196.0,2706765564.0,FA,5840.0,5.0,[],,,False,
388,1160011520.824988,60,192.168.1.1,211.8.0.252,6,128,40,1134,80,2706765564.0,3412964197.0,A,64136.0,5.0,[],,,False,
389,1160011520.82502,60,192.168.1.1,211.8.0.252,6,128,40,1134,80,2706765564.0,3412964197.0,FA,64136.0,5.0,[],,,False,
390,1160011520.825045,54,211.8.0.252,192.168.1.1,6,64,40,80,1134,3412964197.0,2706765565.0,A,5840.0,5.0,[],,,False,
391,1160011524.725852,95,192.168.1.1,84.244.1.30,6,128,81,1101,5050,3112056606.0,3395161500.0,PA,65357.0,5.0,[],,,False,
392,1160011524.725937,54,84.244.1.30,192.168.1.1,6,64,40,5050,1101,3395161500.0,3112056647.0,A,5840.0,5.0,[],,,False,
